,Word
0,how
1,with
2,after
3,between
4,been
5,then
6,this
7,about
8,herself
9,on
10,those
11,are
12,nor
13,your
14,being
15,down
16,before
17,do
18,have
19,below
20,out
21,while
22,was
23,its
24,both
25,few
26,hers
27,my
28,when
29,there
30,and
31,under
32,or
33,in
34,each
35,our
36,any
37,until
38,that
39,by
40,does
41,his
42,at
43,so
44,some
45,himself
46,most
47,did
48,from
49,it
50,where
51,yourself
52,other
53,own
54,can
55,they
56,yourselves
57,the
58,me
59,we
60,he
61,has
62,here
63,these
64,but
65,only
66,just
67,theirs
68,into
69,ourselves
70,off
71,more
72,myself
73,all
74,were
75,same
76,their
77,yours
78,above
79,why
80,ours
81,not
82,no
83,her
84,having
85,of
86,am
87,now
88,among
89,themselves
90,as
91,for
92,very
93,again
94,him
95,an
96,doing
97,to
98,itself
99,than
100,during
101,over
102,what
103,further
104,is
105,up
106,who
107,because
108,too
109,if
110,be
111,through
112,which
113,you
114,whom
115,once
116,she
117,had
118,should
119,them
120,such
